INSERT INTO user (uid, first_name, last_name, age, email, address) VALUES
    (1, 'John', 'Doe', 30, 'john.doe@example.com', '123 Elm St'),
    (2, 'Jane', 'Smith', 25, 'jane.smith@example.com', '456 Oak St'),
    (3, 'Alice', 'Johnson', 28, 'alice.johnson@example.com', '789 Pine St'),
    (4, 'Bob', 'Brown', 35, 'bob.brown@example.com', '321 Maple St'),
    (5, 'Charlie', 'Davis', 22, 'charlie.davis@example.com', '654 Birch St'),
    (6, 'David', 'Garcia', 40, 'david.garcia@example.com', '987 Cedar St'),
    (7, 'Eva', 'Martinez', 27, 'eva.martinez@example.com', '135 Spruce St'),
    (8, 'Frank', 'Lopez', 31, 'frank.lopez@example.com', '246 Willow St'),
    (9, 'Grace', 'Gonzalez', 29, 'grace.gonzalez@example.com', '357 Fir St'),
    (10, 'Henry', 'Wilson', 33, 'henry.wilson@example.com', '468 Cherry St');

INSERT INTO article (article_id, title, price, company, count, category_id) VALUES
    (1, 'Laptop', 1000, 'TechCorp', 10, 1),
    (2, 'Smartphone', 800, 'Mobile Inc', 15, 1),
    (3, 'Headphones', 200, 'Audio LLC', 20, 2),
    (4, 'Mouse', 50, 'Gadgets Co', 25, 3),
    (5, 'Keyboard', 70, 'Gadgets Co', 30, 3),
    (6, 'Monitor', 300, 'ScreenProd', 12, 1),
    (7, 'Printer', 150, 'PrintTech', 8, 4),
    (8, 'Webcam', 100, 'VideoTech', 10, 2),
    (9, 'USB Cable', 15, 'Cables Inc', 50, 5),
    (10, 'Graphics Card', 400, 'GraphicX', 7, 1);

INSERT INTO my_order (order_id, article_id, customer_id, count, order_date) VALUES
    (1, 1, 1, 1, '2024-01-10 10:00:00'),
    (2, 2, 2, 2, '2024-01-11 11:00:00'),
    (3, 3, 3, 1, '2024-01-12 12:00:00'),
    (4, 4, 4, 3, '2024-01-13 13:00:00'),
    (5, 5, 5, 2, '2024-01-14 14:00:00'),
    (6, 6, 6, 1, '2024-01-15 15:00:00'),
    (7, 7, 7, 4, '2024-01-16 16:00:00'),
    (8, 8, 8, 1, '2024-01-17 17:00:00'),
    (9, 9, 9, 5, '2024-01-18 18:00:00'),
    (10, 10, 10, 1, '2024-01-19 19:00:00'),
    (11, 1, 2, 1, '2024-01-20 20:00:00'),
    (12, 2, 3, 4, '2024-01-21 21:00:00'),
    (13, 3, 4, 2, '2024-01-22 22:00:00'),
    (14, 4, 5, 5, '2024-01-23 23:00:00'),
    (15, 5, 6, 3, '2024-01-24 23:00:00'),
    (16, 6, 7, 1, '2024-01-25 10:10:00'),
    (17, 7, 8, 2, '2024-01-26 11:11:00'),
    (18, 8, 9, 3, '2024-01-27 12:12:00'),
    (19, 9, 10, 4, '2024-01-28 13:13:00'),
    (20, 10, 1, 1, '2024-01-29 14:14:00'),
    (21, 1, 2, 2, '2024-01-30 15:15:00'),
    (22, 2, 3, 1, '2024-01-31 16:16:00'),
    (23, 3, 4, 3, '2024-02-01 17:17:00'),
    (24, 4, 5, 4, '2024-02-02 18:18:00'),
    (25, 5, 6, 5, '2024-02-03 19:19:00'),
    (26, 6, 7, 1, '2024-02-04 20:20:00'),
    (27, 7, 8, 2, '2024-02-05 21:21:00'),
    (28, 8, 9, 3, '2024-02-06 22:22:00'),
    (29, 9, 10, 4, '2024-02-07 23:23:00'),
    (30, 10, 1, 1, '2024-02-08 22:24:00');